rmw_connextdds,rmw_connextdds,rmw_connextdds,rmw_connextdds,rmw_connextdds,rmw_connextdds,rmw_connextdds,rmw_connextdds,rmw_connextdds,rmw_connextdds,rmw_connextdds,rmw_connextdds
188.3755816666666,194.632,194.632,0.15904744,0.08457390000000001,0.47554364999999943,28.517740000000003,29.043000000000003,29.043000000000003,7.127276666666665,7.260739999999999,7.260739999999999
