rmw_connextdds,rmw_connextdds,rmw_connextdds,rmw_connextdds,rmw_connextdds,rmw_connextdds,rmw_connextdds,rmw_connextdds,rmw_connextdds,rmw_connextdds,rmw_connextdds,rmw_connextdds
189.69418333333334,194.64700000000002,194.64700000000002,0.11621309666666665,0.08178669999999999,0.2945864499999999,28.670749999999998,29.0938,29.0938,7.167678333333331,7.273439999999999,7.273439999999999
