rmw_connextdds,rmw_connextdds,rmw_connextdds,rmw_connextdds,rmw_connextdds,rmw_connextdds,rmw_connextdds,rmw_connextdds,rmw_connextdds,rmw_connextdds,rmw_connextdds,rmw_connextdds
189.69669000000002,194.64700000000002,194.64700000000002,0.12313188000000001,0.08178669999999999,0.35141434999999954,29.001663333333333,29.3945,29.3945,7.250420333333335,7.34863,7.34863
