FastRTPS_Array32k,FastRTPS_Array32k,FastRTPS_Array32k,FastRTPS_Array32k,FastRTPS_Array32k,FastRTPS_Array32k,FastRTPS_Array32k,FastRTPS_Array32k,FastRTPS_Array32k,FastRTPS_Array32k,FastRTPS_Array32k,FastRTPS_Array32k,FastRTPS_Array32k
0.021007777777777775,0.02141,0.02182,87492.0,999.1481481481482,999.1481481481482,0.0,0.8980333333333334,1.25,0.7499,31.264468475624366,31.259843826293945,31.291069412231444
