FastRTPS_Array32k,FastRTPS_Array32k,FastRTPS_Array32k,FastRTPS_Array32k,FastRTPS_Array32k,FastRTPS_Array32k,FastRTPS_Array32k,FastRTPS_Array32k,FastRTPS_Array32k,FastRTPS_Array32k,FastRTPS_Array32k,FastRTPS_Array32k,FastRTPS_Array32k
0.05544407407407407,0.05559,0.059689000000000006,87272.0,999.1851851851852,0.0,0.0,0.7869222222222222,0.9998,0.7499,31.265482125458895,31.25967502593994,31.29106540679932
