FastRTPS_Array1k,FastRTPS_Array1k,FastRTPS_Array1k,FastRTPS_Array1k,FastRTPS_Array1k,FastRTPS_Array1k,FastRTPS_Array1k,FastRTPS_Array1k,FastRTPS_Array1k,FastRTPS_Array1k,FastRTPS_Array1k,FastRTPS_Array1k,FastRTPS_Array1k
0.04167777777777778,0.04158,0.045759999999999995,87384.0,999.1851851851852,999.1851851851852,0.0,1.6851851851851851,1.75,1.75,0.9918411042955186,0.9916725158691406,0.9926313400268555
