CycloneDDS_Array1k,CycloneDDS_Array1k,CycloneDDS_Array1k,CycloneDDS_Array1k,CycloneDDS_Array1k,CycloneDDS_Array1k,CycloneDDS_Array1k,CycloneDDS_Array1k,CycloneDDS_Array1k,CycloneDDS_Array1k,CycloneDDS_Array1k,CycloneDDS_Array1k,CycloneDDS_Array1k
0.011949629629629628,0.01202,0.012884999999999999,87220.0,999.1851851851852,999.1851851851852,0.0,0.5554740740740741,0.7499,0.4999,0.9918339340775101,0.9916505813598633,0.9926435470581054
