CycloneDDS_Array32k,CycloneDDS_Array32k,CycloneDDS_Array32k,CycloneDDS_Array32k,CycloneDDS_Array32k,CycloneDDS_Array32k,CycloneDDS_Array32k,CycloneDDS_Array32k,CycloneDDS_Array32k,CycloneDDS_Array32k,CycloneDDS_Array32k,CycloneDDS_Array32k,CycloneDDS_Array32k
0.015241481481481483,0.01563,0.016361,87408.0,999.1851851851852,999.1851851851852,0.0,0.6480259259259259,0.9998,0.4999,31.26574601067437,31.260082244873047,31.29122705459595
