FastRTPS_Array1m,FastRTPS_Array1m,FastRTPS_Array1m,FastRTPS_Array1m,FastRTPS_Array1m,FastRTPS_Array1m,FastRTPS_Array1m,FastRTPS_Array1m,FastRTPS_Array1m,FastRTPS_Array1m,FastRTPS_Array1m,FastRTPS_Array1m,FastRTPS_Array1m
0.14944074074074074,0.1474,0.16238,87452.0,999.1481481481482,999.1481481481482,0.0,4.174999999999999,4.6739999999999995,4.249,999.9887853198582,999.8440933227539,1000.8309577941894
