CycloneDDS_Array16k,CycloneDDS_Array16k,CycloneDDS_Array16k,CycloneDDS_Array16k,CycloneDDS_Array16k,CycloneDDS_Array16k,CycloneDDS_Array16k,CycloneDDS_Array16k,CycloneDDS_Array16k,CycloneDDS_Array16k,CycloneDDS_Array16k,CycloneDDS_Array16k,CycloneDDS_Array16k
0.013240370370370368,0.013319999999999999,0.014159999999999999,87536.0,999.1851851851852,999.1851851851852,0.0,0.5924925925925927,0.7499,0.4999,15.640383473149052,15.637513160705566,15.653040409088135
