CycloneDDS_Array60k,CycloneDDS_Array60k,CycloneDDS_Array60k,CycloneDDS_Array60k,CycloneDDS_Array60k,CycloneDDS_Array60k,CycloneDDS_Array60k,CycloneDDS_Array60k,CycloneDDS_Array60k,CycloneDDS_Array60k,CycloneDDS_Array60k,CycloneDDS_Array60k,CycloneDDS_Array60k
0.029750000000000002,0.030910000000000003,0.032203999999999997,87524.0,999.1851851851852,999.1851851851852,0.0,1.1944074074074071,1.25,1.25,58.60880159448694,58.599846839904785,58.65763177871704
