FastRTPS_Array60k,FastRTPS_Array60k,FastRTPS_Array60k,FastRTPS_Array60k,FastRTPS_Array60k,FastRTPS_Array60k,FastRTPS_Array60k,FastRTPS_Array60k,FastRTPS_Array60k,FastRTPS_Array60k,FastRTPS_Array60k,FastRTPS_Array60k,FastRTPS_Array60k
0.04851814814814815,0.04913,0.055007,87208.0,999.1481481481482,999.1481481481482,0.0,1.8796296296296295,2.25,1.75,58.609016559742116,58.60113525390625,58.658967685699466
