rmw_connextdds_Array60k,rmw_connextdds_Array60k,rmw_connextdds_Array60k,rmw_connextdds_Array60k,rmw_connextdds_Array60k,rmw_connextdds_Array60k,rmw_connextdds_Array60k,rmw_connextdds_Array60k,rmw_connextdds_Array60k,rmw_connextdds_Array60k,rmw_connextdds_Array60k,rmw_connextdds_Array60k,rmw_connextdds_Array60k
0.08669962962962964,0.08538,0.09608900000000001,89988.0,999.5185185185185,999.5185185185185,0.0,3.4410370370370367,3.7460000000000004,3.4960000000000004,58.60877019387704,58.60912609100342,58.61487236022949
