FastRTPS_Array60k,FastRTPS_Array60k,FastRTPS_Array60k,FastRTPS_Array60k,FastRTPS_Array60k,FastRTPS_Array60k,FastRTPS_Array60k,FastRTPS_Array60k,FastRTPS_Array60k,FastRTPS_Array60k,FastRTPS_Array60k,FastRTPS_Array60k,FastRTPS_Array60k
0.04959888888888889,0.05003,0.055083,87132.0,999.1481481481482,999.1481481481482,0.0,1.8796296296296295,2.25,2.0,58.608572288795756,58.60062599182129,58.659234046936035
