FastRTPS_Array2m,FastRTPS_Array2m,FastRTPS_Array2m,FastRTPS_Array2m,FastRTPS_Array2m,FastRTPS_Array2m,FastRTPS_Array2m,FastRTPS_Array2m,FastRTPS_Array2m,FastRTPS_Array2m,FastRTPS_Array2m,FastRTPS_Array2m,FastRTPS_Array2m
0.3168481481481481,0.3151,0.32369,87304.0,998.7777777777778,999.2222222222222,10.0,8.443111111111111,8.749,8.498,1999.200395513464,1999.6680717468262,2001.5982085227965
