FastRTPS_Array2m,FastRTPS_Array2m,FastRTPS_Array2m,FastRTPS_Array2m,FastRTPS_Array2m,FastRTPS_Array2m,FastRTPS_Array2m,FastRTPS_Array2m,FastRTPS_Array2m,FastRTPS_Array2m,FastRTPS_Array2m,FastRTPS_Array2m,FastRTPS_Array2m
0.31325185185185184,0.3127,0.32149,87360.0,999.1851851851852,999.1851851851852,0.0,8.350370370370369,8.6733,8.249,2000.0084562301636,1999.6577577590942,2001.674294090271
