FastRTPS_Array4m,FastRTPS_Array4m,FastRTPS_Array4m,FastRTPS_Array4m,FastRTPS_Array4m,FastRTPS_Array4m,FastRTPS_Array4m,FastRTPS_Array4m,FastRTPS_Array4m,FastRTPS_Array4m,FastRTPS_Array4m,FastRTPS_Array4m,FastRTPS_Array4m
12.768518518518519,12.76,13.107,87564.0,111.44444444444444,0.0,23939.0,6.554185185185185,6.9986999999999995,6.499,449.67787989863643,447.9193458557129,477.4928547859192
