FastRTPS_Array16k,FastRTPS_Array16k,FastRTPS_Array16k,FastRTPS_Array16k,FastRTPS_Array16k,FastRTPS_Array16k,FastRTPS_Array16k,FastRTPS_Array16k,FastRTPS_Array16k,FastRTPS_Array16k,FastRTPS_Array16k,FastRTPS_Array16k,FastRTPS_Array16k
0.021019259259259255,0.02122,0.021977,87392.0,999.1851851851852,999.1851851851852,0.0,0.897988888888889,0.9998,0.9998,15.640630333511918,15.637757301330566,15.653281879425048
