FastRTPS_Array4k,FastRTPS_Array4k,FastRTPS_Array4k,FastRTPS_Array4k,FastRTPS_Array4k,FastRTPS_Array4k,FastRTPS_Array4k,FastRTPS_Array4k,FastRTPS_Array4k,FastRTPS_Array4k,FastRTPS_Array4k,FastRTPS_Array4k,FastRTPS_Array4k
0.019844074074074073,0.01962,0.021440999999999998,87240.0,999.1851851851852,999.1851851851852,0.0,0.9072703703703704,1.1749699999999998,0.9998,3.921568164119014,3.920844078063965,3.92478837966919
