FastRTPS_Array4k,FastRTPS_Array4k,FastRTPS_Array4k,FastRTPS_Array4k,FastRTPS_Array4k,FastRTPS_Array4k,FastRTPS_Array4k,FastRTPS_Array4k,FastRTPS_Array4k,FastRTPS_Array4k,FastRTPS_Array4k,FastRTPS_Array4k,FastRTPS_Array4k
0.044906296296296305,0.04482,0.053464,87308.0,999.1851851851852,999.1851851851852,0.0,1.787037037037037,2.25,1.75,3.9215526934023255,3.920905113220215,3.924817943572998
