FastRTPS_Array4k,FastRTPS_Array4k,FastRTPS_Array4k,FastRTPS_Array4k,FastRTPS_Array4k,FastRTPS_Array4k,FastRTPS_Array4k,FastRTPS_Array4k,FastRTPS_Array4k,FastRTPS_Array4k,FastRTPS_Array4k,FastRTPS_Array4k,FastRTPS_Array4k
0.04352333333333333,0.04281,0.052494,87316.0,999.1851851851852,999.1851851851852,0.0,1.7314814814814814,2.175,1.75,3.9215106257685908,3.9208908081054688,3.924662017822266
