FastRTPS_Array4m,FastRTPS_Array4m,FastRTPS_Array4m,FastRTPS_Array4m,FastRTPS_Array4m,FastRTPS_Array4m,FastRTPS_Array4m,FastRTPS_Array4m,FastRTPS_Array4m,FastRTPS_Array4m,FastRTPS_Array4m,FastRTPS_Array4m,FastRTPS_Array4m
0.6353333333333333,0.6346,0.64663,94828.0,999.2222222222222,999.2222222222222,0.0,16.47074074074074,16.925,16.5,4000.0359979558875,3999.3025827407837,4003.3321798324587
