FastRTPS_Array16k,FastRTPS_Array16k,FastRTPS_Array16k,FastRTPS_Array16k,FastRTPS_Array16k,FastRTPS_Array16k,FastRTPS_Array16k,FastRTPS_Array16k,FastRTPS_Array16k,FastRTPS_Array16k,FastRTPS_Array16k,FastRTPS_Array16k,FastRTPS_Array16k
0.04205962962962964,0.041960000000000004,0.050935,87256.0,999.1851851851852,999.1851851851852,0.0,1.6944444444444444,2.0,1.75,15.640239185757107,15.63773250579834,15.653762531280517
