FastRTPS_Array4m,FastRTPS_Array4m,FastRTPS_Array4m,FastRTPS_Array4m,FastRTPS_Array4m,FastRTPS_Array4m,FastRTPS_Array4m,FastRTPS_Array4m,FastRTPS_Array4m,FastRTPS_Array4m,FastRTPS_Array4m,FastRTPS_Array4m,FastRTPS_Array4m
0.3680925925925926,0.3685,0.38560999999999995,94996.0,999.2222222222222,999.2222222222222,0.0,9.915037037037036,10.425,9.997,4000.088346693251,3999.2552280426025,4003.188868045807
