FastRTPS_Array2m,FastRTPS_Array2m,FastRTPS_Array2m,FastRTPS_Array2m,FastRTPS_Array2m,FastRTPS_Array2m,FastRTPS_Array2m,FastRTPS_Array2m,FastRTPS_Array2m,FastRTPS_Array2m,FastRTPS_Array2m,FastRTPS_Array2m,FastRTPS_Array2m
0.18737407407407408,0.1927,0.21136,87260.0,999.1851851851852,999.1851851851852,0.0,5.350851851851851,5.9239999999999995,5.499,2000.0561218968144,1999.7039403915405,2001.6587392807007
