FastRTPS_Array16k,FastRTPS_Array16k,FastRTPS_Array16k,FastRTPS_Array16k,FastRTPS_Array16k,FastRTPS_Array16k,FastRTPS_Array16k,FastRTPS_Array16k,FastRTPS_Array16k,FastRTPS_Array16k,FastRTPS_Array16k,FastRTPS_Array16k,FastRTPS_Array16k
0.021800370370370373,0.02171,0.023943,87296.0,999.1851851851852,999.1851851851852,0.0,0.9442740740740742,0.9998,0.9998,15.64043214586046,15.637526512145996,15.65319471359253
