FastRTPS_Array1k,FastRTPS_Array1k,FastRTPS_Array1k,FastRTPS_Array1k,FastRTPS_Array1k,FastRTPS_Array1k,FastRTPS_Array1k,FastRTPS_Array1k,FastRTPS_Array1k,FastRTPS_Array1k,FastRTPS_Array1k,FastRTPS_Array1k,FastRTPS_Array1k
0.08418777777777778,0.08388999999999999,0.09332499999999999,87464.0,999.1481481481482,0.0,0.0,1.5462962962962963,1.75,1.5,0.991839020340531,0.9917020797729492,0.9926843643188477
