FastRTPS_Array8m,FastRTPS_Array8m,FastRTPS_Array8m,FastRTPS_Array8m,FastRTPS_Array8m,FastRTPS_Array8m,FastRTPS_Array8m,FastRTPS_Array8m,FastRTPS_Array8m,FastRTPS_Array8m,FastRTPS_Array8m,FastRTPS_Array8m,FastRTPS_Array8m
1.0181,1.0090000000000001,1.0445,152532.0,999.4074074074074,999.4074074074074,0.0,26.153333333333336,26.905,25.99,7999.999467991017,7998.232028961182,8006.199287319183
