FastRTPS_Array60k,FastRTPS_Array60k,FastRTPS_Array60k,FastRTPS_Array60k,FastRTPS_Array60k,FastRTPS_Array60k,FastRTPS_Array60k,FastRTPS_Array60k,FastRTPS_Array60k,FastRTPS_Array60k,FastRTPS_Array60k,FastRTPS_Array60k,FastRTPS_Array60k
0.061505185185185184,0.06157000000000001,0.06732099999999999,87376.0,999.1481481481482,0.0,0.0,0.8794777777777779,0.9998,0.9998,58.607844282079625,58.59943771362305,58.6572003364563
