FastRTPS_Array60k,FastRTPS_Array60k,FastRTPS_Array60k,FastRTPS_Array60k,FastRTPS_Array60k,FastRTPS_Array60k,FastRTPS_Array60k,FastRTPS_Array60k,FastRTPS_Array60k,FastRTPS_Array60k,FastRTPS_Array60k,FastRTPS_Array60k,FastRTPS_Array60k
0.061474814814814815,0.061360000000000005,0.06515699999999999,87612.0,999.1481481481482,0.0,0.0,0.8702814814814814,1.25,0.7499,58.61034195511429,58.60172653198242,58.65991401672363
