FastRTPS_Array1k,FastRTPS_Array1k,FastRTPS_Array1k,FastRTPS_Array1k,FastRTPS_Array1k,FastRTPS_Array1k,FastRTPS_Array1k,FastRTPS_Array1k,FastRTPS_Array1k,FastRTPS_Array1k,FastRTPS_Array1k,FastRTPS_Array1k,FastRTPS_Array1k
0.03595481481481482,0.03601,0.037160000000000006,87372.0,999.1111111111111,0.0,0.0,0.6202740740740742,0.7499,0.5,0.9917828595196759,0.9916753768920898,0.9926644325256349
