FastRTPS_Array4k,FastRTPS_Array4k,FastRTPS_Array4k,FastRTPS_Array4k,FastRTPS_Array4k,FastRTPS_Array4k,FastRTPS_Array4k,FastRTPS_Array4k,FastRTPS_Array4k,FastRTPS_Array4k,FastRTPS_Array4k,FastRTPS_Array4k,FastRTPS_Array4k
0.020027407407407407,0.01999,0.020966,87408.0,999.1851851851852,999.1851851851852,0.0,0.8702481481481482,1.1749699999999998,0.7499,3.921558309484411,3.920827865600586,3.9247474670410156
