FastRTPS_Array16k,FastRTPS_Array16k,FastRTPS_Array16k,FastRTPS_Array16k,FastRTPS_Array16k,FastRTPS_Array16k,FastRTPS_Array16k,FastRTPS_Array16k,FastRTPS_Array16k,FastRTPS_Array16k,FastRTPS_Array16k,FastRTPS_Array16k,FastRTPS_Array16k
0.09074296296296296,0.08794,0.106473,87360.0,999.1481481481482,0.0,0.0,1.6388888888888888,2.0,1.5,15.640496995713976,15.638263702392578,15.653719234466553
