FastRTPS_Array16k,FastRTPS_Array16k,FastRTPS_Array16k,FastRTPS_Array16k,FastRTPS_Array16k,FastRTPS_Array16k,FastRTPS_Array16k,FastRTPS_Array16k,FastRTPS_Array16k,FastRTPS_Array16k,FastRTPS_Array16k,FastRTPS_Array16k,FastRTPS_Array16k
0.04511555555555556,0.04496,0.048028,87644.0,999.1481481481482,0.0,0.0,0.6943481481481482,0.7499,0.7499,15.640212765446416,15.637791633605957,15.653375530242919
