FastRTPS_Array1k,FastRTPS_Array1k,FastRTPS_Array1k,FastRTPS_Array1k,FastRTPS_Array1k,FastRTPS_Array1k,FastRTPS_Array1k,FastRTPS_Array1k,FastRTPS_Array1k,FastRTPS_Array1k,FastRTPS_Array1k,FastRTPS_Array1k,FastRTPS_Array1k
0.019006666666666665,0.01899,0.019747,87444.0,999.1851851851852,999.1851851851852,0.0,0.8609740740740741,0.99987,0.7499,0.9918346405029297,0.9916534423828125,0.9926373481750488
