FastRTPS_Array1k,FastRTPS_Array1k,FastRTPS_Array1k,FastRTPS_Array1k,FastRTPS_Array1k,FastRTPS_Array1k,FastRTPS_Array1k,FastRTPS_Array1k,FastRTPS_Array1k,FastRTPS_Array1k,FastRTPS_Array1k,FastRTPS_Array1k,FastRTPS_Array1k
0.049324074074074076,0.049319999999999996,0.058443999999999996,87096.0,999.1481481481482,999.1481481481482,0.0,1.8981481481481481,2.25,2.0,0.9918299780951606,0.9916887283325195,0.9926834106445312
