FastRTPS_Array16k,FastRTPS_Array16k,FastRTPS_Array16k,FastRTPS_Array16k,FastRTPS_Array16k,FastRTPS_Array16k,FastRTPS_Array16k,FastRTPS_Array16k,FastRTPS_Array16k,FastRTPS_Array16k,FastRTPS_Array16k,FastRTPS_Array16k,FastRTPS_Array16k
0.04291444444444444,0.04269,0.044571,87344.0,999.1481481481482,0.0,0.0,0.6665666666666666,0.7499,0.7499,15.64005223026982,15.637775421142578,15.653274154663087
