FastRTPS_Array32k,FastRTPS_Array32k,FastRTPS_Array32k,FastRTPS_Array32k,FastRTPS_Array32k,FastRTPS_Array32k,FastRTPS_Array32k,FastRTPS_Array32k,FastRTPS_Array32k,FastRTPS_Array32k,FastRTPS_Array32k,FastRTPS_Array32k,FastRTPS_Array32k
0.02202037037037037,0.022119999999999997,0.023813,87388.0,999.1851851851852,999.1851851851852,0.0,0.9535259259259261,0.9998,0.9998,31.265785923710578,31.260026931762695,31.29126319885254
