FastRTPS_Array8m,FastRTPS_Array8m,FastRTPS_Array8m,FastRTPS_Array8m,FastRTPS_Array8m,FastRTPS_Array8m,FastRTPS_Array8m,FastRTPS_Array8m,FastRTPS_Array8m,FastRTPS_Array8m,FastRTPS_Array8m,FastRTPS_Array8m,FastRTPS_Array8m
8.734037037037037,12.21,17.135,160820.0,8.925925925925926,729.5555555555555,19187.0,25.454814814814814,26.168,25.5,76.35568565792508,47.99429512023926,242.53440647125242
