FastRTPS_Array1k,FastRTPS_Array1k,FastRTPS_Array1k,FastRTPS_Array1k,FastRTPS_Array1k,FastRTPS_Array1k,FastRTPS_Array1k,FastRTPS_Array1k,FastRTPS_Array1k,FastRTPS_Array1k,FastRTPS_Array1k,FastRTPS_Array1k,FastRTPS_Array1k
0.019090370370370372,0.01895,0.020019,87364.0,999.1481481481482,999.1481481481482,0.0,0.8794740740740742,0.9998,0.9998,0.9918037343908239,0.9916563034057617,0.9926424980163574
