FastRTPS_Array8m,FastRTPS_Array8m,FastRTPS_Array8m,FastRTPS_Array8m,FastRTPS_Array8m,FastRTPS_Array8m,FastRTPS_Array8m,FastRTPS_Array8m,FastRTPS_Array8m,FastRTPS_Array8m,FastRTPS_Array8m,FastRTPS_Array8m,FastRTPS_Array8m
20.364074074074075,20.47,21.291999999999998,87456.0,69.88888888888889,0.0,25064.0,10.823333333333334,11.175,10.75,567.0049513004444,567.9143533706665,605.5027267456055
