FastRTPS_Array16k,FastRTPS_Array16k,FastRTPS_Array16k,FastRTPS_Array16k,FastRTPS_Array16k,FastRTPS_Array16k,FastRTPS_Array16k,FastRTPS_Array16k,FastRTPS_Array16k,FastRTPS_Array16k,FastRTPS_Array16k,FastRTPS_Array16k,FastRTPS_Array16k
0.09422962962962964,0.09462999999999999,0.10749,87364.0,999.1111111111111,0.0,0.0,1.6666666666666667,2.0,1.75,15.639817308496546,15.638161659240723,15.65374813079834
