FastRTPS_Array32k,FastRTPS_Array32k,FastRTPS_Array32k,FastRTPS_Array32k,FastRTPS_Array32k,FastRTPS_Array32k,FastRTPS_Array32k,FastRTPS_Array32k,FastRTPS_Array32k,FastRTPS_Array32k,FastRTPS_Array32k,FastRTPS_Array32k,FastRTPS_Array32k
0.04347777777777778,0.04347,0.047772,87208.0,999.1481481481482,999.1481481481482,0.0,1.7407407407407407,2.0,1.75,31.26469718085395,31.26041030883789,31.29151382446289
