FastRTPS_Array60k,FastRTPS_Array60k,FastRTPS_Array60k,FastRTPS_Array60k,FastRTPS_Array60k,FastRTPS_Array60k,FastRTPS_Array60k,FastRTPS_Array60k,FastRTPS_Array60k,FastRTPS_Array60k,FastRTPS_Array60k,FastRTPS_Array60k,FastRTPS_Array60k
0.026296666666666666,0.02647,0.027808,87368.0,999.1481481481482,999.1481481481482,0.0,1.0554444444444444,1.25,0.9998,58.60763648704246,58.59902095794678,58.65738143920898
