FastRTPS_Array2m,FastRTPS_Array2m,FastRTPS_Array2m,FastRTPS_Array2m,FastRTPS_Array2m,FastRTPS_Array2m,FastRTPS_Array2m,FastRTPS_Array2m,FastRTPS_Array2m,FastRTPS_Array2m,FastRTPS_Array2m,FastRTPS_Array2m,FastRTPS_Array2m
0.18948888888888885,0.1957,0.20207,87284.0,999.1481481481482,999.1851851851852,0.0,5.40637037037037,5.749,5.499,1999.9684477912056,1999.705101966858,2001.6156451225283
