CycloneDDS_Array60k,CycloneDDS_Array60k,CycloneDDS_Array60k,CycloneDDS_Array60k,CycloneDDS_Array60k,CycloneDDS_Array60k,CycloneDDS_Array60k,CycloneDDS_Array60k,CycloneDDS_Array60k,CycloneDDS_Array60k,CycloneDDS_Array60k,CycloneDDS_Array60k,CycloneDDS_Array60k
0.016384814814814814,0.01762,0.018454,87400.0,999.1481481481482,999.1851851851852,0.0,0.7128666666666666,0.7499,0.7499,58.60757566381384,58.59883117675781,58.657530879974374
