FastRTPS_Array60k,FastRTPS_Array60k,FastRTPS_Array60k,FastRTPS_Array60k,FastRTPS_Array60k,FastRTPS_Array60k,FastRTPS_Array60k,FastRTPS_Array60k,FastRTPS_Array60k,FastRTPS_Array60k,FastRTPS_Array60k,FastRTPS_Array60k,FastRTPS_Array60k
0.02391518518518518,0.02417,0.026244000000000003,87176.0,999.1851851851852,999.1851851851852,0.0,0.9535777777777779,1.25,0.9998,58.60987998821117,58.599032402038574,58.65785665512085
