FastRTPS_Array32k,FastRTPS_Array32k,FastRTPS_Array32k,FastRTPS_Array32k,FastRTPS_Array32k,FastRTPS_Array32k,FastRTPS_Array32k,FastRTPS_Array32k,FastRTPS_Array32k,FastRTPS_Array32k,FastRTPS_Array32k,FastRTPS_Array32k,FastRTPS_Array32k
0.04878074074074074,0.04869,0.050813,87544.0,999.1111111111111,0.0,0.0,0.7221259259259258,0.7499,0.7499,31.264774287188494,31.261282920837402,31.292433547973634
