CycloneDDS_Array1k,CycloneDDS_Array1k,CycloneDDS_Array1k,CycloneDDS_Array1k,CycloneDDS_Array1k,CycloneDDS_Array1k,CycloneDDS_Array1k,CycloneDDS_Array1k,CycloneDDS_Array1k,CycloneDDS_Array1k,CycloneDDS_Array1k,CycloneDDS_Array1k,CycloneDDS_Array1k
0.025316296296296295,0.02535,0.028782000000000002,87260.0,999.1481481481482,999.1481481481482,0.0,1.0554592592592593,1.25,0.9999,0.9918088559751157,0.9916715621948242,0.9926836013793946
