FastRTPS_Array1m,FastRTPS_Array1m,FastRTPS_Array1m,FastRTPS_Array1m,FastRTPS_Array1m,FastRTPS_Array1m,FastRTPS_Array1m,FastRTPS_Array1m,FastRTPS_Array1m,FastRTPS_Array1m,FastRTPS_Array1m,FastRTPS_Array1m,FastRTPS_Array1m
0.14679259259259259,0.145,0.15941,87232.0,999.1481481481482,999.1481481481482,0.0,4.137925925925925,4.499,3.9989999999999997,999.9923949065031,999.8497142791748,1000.8432997703553
