FastRTPS_Array4k,FastRTPS_Array4k,FastRTPS_Array4k,FastRTPS_Array4k,FastRTPS_Array4k,FastRTPS_Array4k,FastRTPS_Array4k,FastRTPS_Array4k,FastRTPS_Array4k,FastRTPS_Array4k,FastRTPS_Array4k,FastRTPS_Array4k,FastRTPS_Array4k
0.0384,0.038169999999999996,0.041425000000000003,87428.0,999.1851851851852,0.0,0.0,0.6573148148148148,0.7499,0.7499,3.9215832816229925,3.9208860397338867,3.9247692108154295
