FastRTPS_Array2m,FastRTPS_Array2m,FastRTPS_Array2m,FastRTPS_Array2m,FastRTPS_Array2m,FastRTPS_Array2m,FastRTPS_Array2m,FastRTPS_Array2m,FastRTPS_Array2m,FastRTPS_Array2m,FastRTPS_Array2m,FastRTPS_Array2m,FastRTPS_Array2m
6.1641111111111115,6.3839999999999995,6.528999999999999,87604.0,455.44444444444446,0.0,14654.0,13.037037037037036,14.274999999999999,13.0,912.7162154868797,887.828535079956,1024.0141419410704
