FastRTPS_Array1m,FastRTPS_Array1m,FastRTPS_Array1m,FastRTPS_Array1m,FastRTPS_Array1m,FastRTPS_Array1m,FastRTPS_Array1m,FastRTPS_Array1m,FastRTPS_Array1m,FastRTPS_Array1m,FastRTPS_Array1m,FastRTPS_Array1m,FastRTPS_Array1m
0.1151111111111111,0.1154,0.12059,87292.0,999.1851851851852,999.1851851851852,0.0,3.5360740740740737,3.7489999999999997,3.4989999999999997,1000.0263073885882,999.8570556640625,1000.8476333618164
