FastRTPS_Array60k,FastRTPS_Array60k,FastRTPS_Array60k,FastRTPS_Array60k,FastRTPS_Array60k,FastRTPS_Array60k,FastRTPS_Array60k,FastRTPS_Array60k,FastRTPS_Array60k,FastRTPS_Array60k,FastRTPS_Array60k,FastRTPS_Array60k,FastRTPS_Array60k
0.10954037037037037,0.1079,0.12076999999999999,87268.0,999.1111111111111,0.0,0.0,1.8981481481481481,2.0,2.0,58.60754973800094,58.60132884979248,58.65805187225342
