FastRTPS_Array32k,FastRTPS_Array32k,FastRTPS_Array32k,FastRTPS_Array32k,FastRTPS_Array32k,FastRTPS_Array32k,FastRTPS_Array32k,FastRTPS_Array32k,FastRTPS_Array32k,FastRTPS_Array32k,FastRTPS_Array32k,FastRTPS_Array32k,FastRTPS_Array32k
0.04568703703703703,0.04578,0.0516,87152.0,999.1851851851852,999.1481481481482,0.0,1.7685185185185186,2.0,1.75,31.265563646952312,31.26026725769043,31.291146278381348
