FastRTPS_Array1m,FastRTPS_Array1m,FastRTPS_Array1m,FastRTPS_Array1m,FastRTPS_Array1m,FastRTPS_Array1m,FastRTPS_Array1m,FastRTPS_Array1m,FastRTPS_Array1m,FastRTPS_Array1m,FastRTPS_Array1m,FastRTPS_Array1m,FastRTPS_Array1m
0.12143333333333334,0.1211,0.12504,87284.0,999.1851851851852,999.1851851851852,0.0,3.7029999999999994,3.9989999999999997,3.7489999999999997,1000.0274458284731,999.8690052032471,1000.8304798126221
