FastRTPS_Array8m,FastRTPS_Array8m,FastRTPS_Array8m,FastRTPS_Array8m,FastRTPS_Array8m,FastRTPS_Array8m,FastRTPS_Array8m,FastRTPS_Array8m,FastRTPS_Array8m,FastRTPS_Array8m,FastRTPS_Array8m,FastRTPS_Array8m,FastRTPS_Array8m
17.406666666666666,24.86,29.829,87684.0,4.555555555555555,0.0,20394.0,0.6943666666666667,2.3499999999999996,0.4999,41.77052515524405,39.993252754211426,150.37068557739255
