FastRTPS_Array16k,FastRTPS_Array16k,FastRTPS_Array16k,FastRTPS_Array16k,FastRTPS_Array16k,FastRTPS_Array16k,FastRTPS_Array16k,FastRTPS_Array16k,FastRTPS_Array16k,FastRTPS_Array16k,FastRTPS_Array16k,FastRTPS_Array16k,FastRTPS_Array16k
0.04446592592592592,0.04557,0.048504,87308.0,999.1481481481482,999.1481481481482,0.0,1.7685185185185186,2.0,1.75,15.64019959061234,15.638035774230957,15.653511333465577
