,vendor,config,resident anonymous memory (Mb),median resident anonymous memory (Mb),mean resident anonymous memory (Mb),physical memory (Mb),median physical memory (Mb),mean physical memory (Mb),cpu_usage (%),median cpu_usage (%),mean cpu_usage (%),virtual memory (Mb),median virtual memory (Mb),mean virtual memory (Mb),file_name
0,cyclonedds,cpp_syn,2.87891,2.87891,2.8789100000000007,11.5156,11.5156,11.5156,0.1078493999999999,0.0166556,0.034013246896551726,151.148,151.148,151.14800000000002,./data/build_farm/raw/overhead_node_test_results_rmw_cyclonedds_cpp_sync.csv
0,connextdds,asyn,7.34863,7.34863,7.250420333333335,29.3945,29.3945,29.00166333333333,0.35141434999999954,0.08178669999999999,0.12313188,194.647,194.647,189.69669,./data/build_farm/raw/overhead_node_test_results_rmw_connextdds_async.csv
0,ps,dynamic_cpp_asyn,4.96777,4.96777,4.96777,19.8711,19.8711,19.871099999999995,0.25024924999999965,0.045961150000000006,0.08704478666666668,74.8174,74.8174,74.81739999999998,./data/build_farm/raw/overhead_node_test_results_rmw_fastrtps_dynamic_cpp_async.csv
0,connextdds,syn,7.273439999999999,7.273439999999999,7.167678333333331,29.0938,29.0938,28.67075,0.2945864499999999,0.08178669999999999,0.11621309666666665,194.647,194.647,189.6941833333333,./data/build_farm/raw/overhead_node_test_results_rmw_connextdds_sync.csv
0,ps,cpp_syn,5.03027,5.03027,5.03027,20.1211,20.1211,20.121099999999995,0.2297782999999997,0.0326505,0.07183323999999999,74.7988,74.7988,74.7988,./data/build_farm/raw/overhead_node_test_results_rmw_fastrtps_cpp_sync.csv
0,ps,dynamic_cpp_syn,4.9824199999999985,4.9824199999999985,4.980271666666665,19.9297,19.9297,19.921106666666674,0.21156664999999975,0.032270799999999995,0.06631447666666666,74.8018,74.8018,74.79965,./data/build_farm/raw/overhead_node_test_results_rmw_fastrtps_dynamic_cpp_sync.csv
0,ps,cpp_asyn,4.93457,4.93457,4.93457,19.7383,19.7383,19.738299999999995,0.13666684999999984,0.03678855,0.060618206666666674,74.793,74.793,74.79300000000003,./data/build_farm/raw/overhead_node_test_results_rmw_fastrtps_cpp_async.csv
