,vendor,config,resident anonymous memory (Mb),median resident anonymous memory (Mb),mean resident anonymous memory (Mb),physical memory (Mb),median physical memory (Mb),mean physical memory (Mb),cpu_usage (%),median cpu_usage (%),mean cpu_usage (%),virtual memory (Mb),median virtual memory (Mb),mean virtual memory (Mb),file_name
0,cyclonedds,cpp_syn,2.86816,2.86816,2.8681600000000005,11.4727,11.4727,11.472699999999994,0.29761899999999963,0.034722199999999995,0.1021572172413793,151.105,151.105,151.10499999999996,./data/build_farm/raw/overhead_node_test_results_rmw_cyclonedds_cpp_sync.csv
0,connextdds,asyn,7.260739999999998,7.260739999999998,7.127276666666665,29.043000000000006,29.043000000000006,28.517740000000003,0.4755436499999994,0.08457390000000001,0.15904744,194.632,194.632,188.3755816666666,./data/build_farm/raw/overhead_node_test_results_rmw_connextdds_async.csv
0,ps,dynamic_cpp_asyn,4.9335900000000015,4.9335900000000015,4.931441666666668,19.7344,19.7344,19.725806666666674,0.2438447999999997,0.039712300000000006,0.08185697,74.8027,74.8027,74.79948,./data/build_farm/raw/overhead_node_test_results_rmw_fastrtps_dynamic_cpp_async.csv
0,connextdds,syn,7.3125,7.3125,7.178613333333334,29.25,29.25,28.71445333333333,0.6604315499999991,0.0830929,0.16776039666666667,194.632,194.632,188.37340066666656,./data/build_farm/raw/overhead_node_test_results_rmw_connextdds_sync.csv
0,ps,cpp_syn,5.0175800000000015,5.0175800000000015,5.004429000000002,20.0703,20.0703,20.017696666666666,0.3984821499999995,0.04988895,0.11331468666666665,74.7842,74.7842,74.17349,./data/build_farm/raw/overhead_node_test_results_rmw_fastrtps_cpp_sync.csv
0,ps,dynamic_cpp_syn,4.97949,4.97949,4.9667623333333335,19.918,19.918,19.867086666666673,0.4728291999999993,0.0508024,0.15153219999999998,74.7871,74.7871,74.17775666666667,./data/build_farm/raw/overhead_node_test_results_rmw_fastrtps_dynamic_cpp_sync.csv
0,ps,cpp_asyn,5.0,5.0,4.9889649999999985,20.0,20.0,19.95586,0.5620758499999989,0.0516429,0.5141397033333334,74.7783,74.7783,74.76830666666666,./data/build_farm/raw/overhead_node_test_results_rmw_fastrtps_cpp_async.csv
